{
  "ascii_code_large.txt": {
    "n_ids": 427655,
    "n_bytes": 1048576,
    "x8r": {
      "n": 7,
      "min": 13.179201,
      "median": 13.267888,
      "mean": 13.348238142857143,
      "stddev": 0.1841214826814338,
      "max": 13.650812
    },
    "tiktoken": {
      "n": 7,
      "min": 10.061089,
      "median": 10.207671,
      "mean": 10.287221857142857,
      "stddev": 0.1788504809744988,
      "max": 10.593934
    }
  },
  "ascii_code_medium.txt": {
    "n_ids": 53484,
    "n_bytes": 131072,
    "x8r": {
      "n": 7,
      "min": 3.744912,
      "median": 3.838176,
      "mean": 3.859197714285714,
      "stddev": 0.10023216653302867,
      "max": 4.010417
    },
    "tiktoken": {
      "n": 7,
      "min": 1.372261,
      "median": 1.409783,
      "mean": 1.4178058571428571,
      "stddev": 0.04507925205837893,
      "max": 1.510998
    }
  },
  "ascii_code_small.txt": {
    "n_ids": 3346,
    "n_bytes": 8192,
    "x8r": {
      "n": 7,
      "min": 2.418061,
      "median": 2.498182,
      "mean": 2.4896494285714286,
      "stddev": 0.04874473835146096,
      "max": 2.571864
    },
    "tiktoken": {
      "n": 7,
      "min": 0.100975,
      "median": 0.105531,
      "mean": 0.11077785714285714,
      "stddev": 0.015528365458396576,
      "max": 0.145155
    }
  },
  "cjk_dense.txt": {
    "n_ids": 102989,
    "n_bytes": 131072,
    "x8r": {
      "n": 7,
      "min": 4.471672,
      "median": 4.525706,
      "mean": 4.6067794285714285,
      "stddev": 0.13633248454160057,
      "max": 4.767553
    },
    "tiktoken": {
      "n": 7,
      "min": 1.985268,
      "median": 2.057987,
      "mean": 2.0519378571428573,
      "stddev": 0.03799082832048001,
      "max": 2.094343
    }
  },
  "deep_indent.txt": {
    "n_ids": 13589,
    "n_bytes": 131072,
    "x8r": {
      "n": 7,
      "min": 2.781467,
      "median": 2.822351,
      "mean": 2.8268437142857143,
      "stddev": 0.04360518648706178,
      "max": 2.879226
    },
    "tiktoken": {
      "n": 7,
      "min": 0.246777,
      "median": 0.251999,
      "mean": 0.2580244285714286,
      "stddev": 0.0191529483531661,
      "max": 0.30103
    }
  },
  "json_large.txt": {
    "n_ids": 375954,
    "n_bytes": 1059327,
    "x8r": {
      "n": 7,
      "min": 9.615808,
      "median": 9.971611,
      "mean": 9.969796428571428,
      "stddev": 0.21353827308693946,
      "max": 10.306059
    },
    "tiktoken": {
      "n": 7,
      "min": 6.654614,
      "median": 6.832125,
      "mean": 6.799689285714286,
      "stddev": 0.11263719215208094,
      "max": 6.975829
    }
  },
  "json_medium.txt": {
    "n_ids": 46981,
    "n_bytes": 132471,
    "x8r": {
      "n": 7,
      "min": 3.190132,
      "median": 3.320883,
      "mean": 3.3146607142857145,
      "stddev": 0.09316416504878948,
      "max": 3.428855
    },
    "tiktoken": {
      "n": 7,
      "min": 0.856858,
      "median": 0.891274,
      "mean": 0.8815077142857143,
      "stddev": 0.015338722499111912,
      "max": 0.894271
    }
  },
  "json_small.txt": {
    "n_ids": 2941,
    "n_bytes": 8297,
    "x8r": {
      "n": 7,
      "min": 2.32104,
      "median": 2.346153,
      "mean": 2.3763625714285714,
      "stddev": 0.062288638377736204,
      "max": 2.470842
    },
    "tiktoken": {
      "n": 7,
      "min": 0.074472,
      "median": 0.076545,
      "mean": 0.07727171428571429,
      "stddev": 0.002463652553580132,
      "max": 0.080647
    }
  },
  "long_words.txt": {
    "n_ids": 70553,
    "n_bytes": 131072,
    "x8r": {
      "n": 7,
      "min": 4.264748,
      "median": 4.404985,
      "mean": 4.392522857142857,
      "stddev": 0.09424351173321985,
      "max": 4.538357
    },
    "tiktoken": {
      "n": 7,
      "min": 1.787022,
      "median": 1.823555,
      "mean": 1.8296128571428572,
      "stddev": 0.038590513685052,
      "max": 1.907903
    }
  },
  "markdown_large.txt": {
    "n_ids": 340629,
    "n_bytes": 1048576,
    "x8r": {
      "n": 7,
      "min": 11.905822,
      "median": 12.094442,
      "mean": 12.051412285714287,
      "stddev": 0.10420272478957249,
      "max": 12.175379
    },
    "tiktoken": {
      "n": 7,
      "min": 8.518649,
      "median": 8.541069,
      "mean": 8.545855428571429,
      "stddev": 0.024904817043142288,
      "max": 8.595159
    }
  },
  "markdown_medium.txt": {
    "n_ids": 42892,
    "n_bytes": 131072,
    "x8r": {
      "n": 7,
      "min": 3.587883,
      "median": 3.771579,
      "mean": 3.744013142857143,
      "stddev": 0.09748531110621836,
      "max": 3.884282
    },
    "tiktoken": {
      "n": 7,
      "min": 1.159424,
      "median": 1.193623,
      "mean": 1.2345802857142858,
      "stddev": 0.13058022427574845,
      "max": 1.527142
    }
  },
  "markdown_rules.txt": {
    "n_ids": 6890,
    "n_bytes": 130838,
    "x8r": {
      "n": 7,
      "min": 2.635208,
      "median": 2.654052,
      "mean": 2.6933552857142855,
      "stddev": 0.06260119761557897,
      "max": 2.783976
    },
    "tiktoken": {
      "n": 7,
      "min": 0.181389,
      "median": 0.189875,
      "mean": 0.20404614285714287,
      "stddev": 0.03239495568463591,
      "max": 0.269695
    }
  },
  "markdown_small.txt": {
    "n_ids": 2569,
    "n_bytes": 8192,
    "x8r": {
      "n": 7,
      "min": 2.368602,
      "median": 2.400976,
      "mean": 2.41447,
      "stddev": 0.0465810688513406,
      "max": 2.497405
    },
    "tiktoken": {
      "n": 7,
      "min": 0.077526,
      "median": 0.08131,
      "mean": 0.08392814285714285,
      "stddev": 0.008968964942670762,
      "max": 0.103836
    }
  },
  "utf8_prose_large.txt": {
    "n_ids": 300540,
    "n_bytes": 1048575,
    "x8r": {
      "n": 7,
      "min": 10.283374,
      "median": 10.629769,
      "mean": 10.568139571428572,
      "stddev": 0.18975835000324068,
      "max": 10.779215
    },
    "tiktoken": {
      "n": 7,
      "min": 6.323351,
      "median": 6.550273,
      "mean": 6.512431714285714,
      "stddev": 0.1706405928501132,
      "max": 6.772459
    }
  },
  "utf8_prose_medium.txt": {
    "n_ids": 37644,
    "n_bytes": 131072,
    "x8r": {
      "n": 7,
      "min": 3.320734,
      "median": 3.44815,
      "mean": 3.454399142857143,
      "stddev": 0.0877783961489169,
      "max": 3.59928
    },
    "tiktoken": {
      "n": 7,
      "min": 0.771933,
      "median": 0.794388,
      "mean": 0.8008712857142857,
      "stddev": 0.022793539301845224,
      "max": 0.833083
    }
  },
  "utf8_prose_small.txt": {
    "n_ids": 2377,
    "n_bytes": 8192,
    "x8r": {
      "n": 7,
      "min": 2.324076,
      "median": 2.404965,
      "mean": 2.399146714285714,
      "stddev": 0.064222126765143,
      "max": 2.482281
    },
    "tiktoken": {
      "n": 7,
      "min": 0.056191,
      "median": 0.05867,
      "mean": 0.058298857142857145,
      "stddev": 0.0014144742755492154,
      "max": 0.059989
    }
  }
}