{
  "ascii_code_large.txt": {
    "n_ids": 421765,
    "n_bytes": 1048576,
    "x8r": {
      "n": 11,
      "min": 4.74339,
      "median": 4.868902,
      "stddev": 0.14980781918784536,
      "max": 5.256924
    },
    "tiktoken": {
      "n": 11,
      "min": 9.842367,
      "median": 9.962225,
      "stddev": 0.20366909654017454,
      "max": 10.477596
    }
  },
  "ascii_code_medium.txt": {
    "n_ids": 52756,
    "n_bytes": 131072,
    "x8r": {
      "n": 11,
      "min": 0.576179,
      "median": 0.584631,
      "stddev": 0.012484343733434496,
      "max": 0.622813
    },
    "tiktoken": {
      "n": 11,
      "min": 1.168299,
      "median": 1.173162,
      "stddev": 0.024573928316223872,
      "max": 1.239366
    }
  },
  "ascii_code_small.txt": {
    "n_ids": 3304,
    "n_bytes": 8192,
    "x8r": {
      "n": 11,
      "min": 0.039866,
      "median": 0.040233,
      "stddev": 0.0011319636919972294,
      "max": 0.043439
    },
    "tiktoken": {
      "n": 11,
      "min": 0.074806,
      "median": 0.075287,
      "stddev": 0.0014793442527626253,
      "max": 0.078965
    }
  },
  "cjk_dense.txt": {
    "n_ids": 84067,
    "n_bytes": 131072,
    "x8r": {
      "n": 11,
      "min": 0.69326,
      "median": 0.711605,
      "stddev": 0.012231097207156405,
      "max": 0.73546
    },
    "tiktoken": {
      "n": 11,
      "min": 1.46441,
      "median": 1.50201,
      "stddev": 0.023320628410759627,
      "max": 1.55248
    }
  },
  "deep_indent.txt": {
    "n_ids": 13589,
    "n_bytes": 131072,
    "x8r": {
      "n": 11,
      "min": 0.11984,
      "median": 0.12099,
      "stddev": 0.0014534497208053315,
      "max": 0.123621
    },
    "tiktoken": {
      "n": 11,
      "min": 0.235351,
      "median": 0.238982,
      "stddev": 0.0068109484988909934,
      "max": 0.252411
    }
  },
  "json_large.txt": {
    "n_ids": 373756,
    "n_bytes": 1059327,
    "x8r": {
      "n": 11,
      "min": 2.907667,
      "median": 3.011014,
      "stddev": 0.124385134772974,
      "max": 3.327528
    },
    "tiktoken": {
      "n": 11,
      "min": 6.46033,
      "median": 6.587318,
      "stddev": 0.20330191377134388,
      "max": 7.097932
    }
  },
  "json_medium.txt": {
    "n_ids": 46672,
    "n_bytes": 132471,
    "x8r": {
      "n": 11,
      "min": 0.363968,
      "median": 0.375629,
      "stddev": 0.013431932988895596,
      "max": 0.409617
    },
    "tiktoken": {
      "n": 11,
      "min": 0.776389,
      "median": 0.793529,
      "stddev": 0.022394934234411957,
      "max": 0.852801
    }
  },
  "json_small.txt": {
    "n_ids": 2918,
    "n_bytes": 8297,
    "x8r": {
      "n": 11,
      "min": 0.027044,
      "median": 0.027266,
      "stddev": 0.0011541751560786133,
      "max": 0.030694
    },
    "tiktoken": {
      "n": 11,
      "min": 0.049787,
      "median": 0.050128,
      "stddev": 0.0005430364293823798,
      "max": 0.051664
    }
  },
  "long_words.txt": {
    "n_ids": 67745,
    "n_bytes": 131072,
    "x8r": {
      "n": 11,
      "min": 0.723775,
      "median": 0.747048,
      "stddev": 0.03201221835316805,
      "max": 0.83148
    },
    "tiktoken": {
      "n": 11,
      "min": 1.517588,
      "median": 1.539183,
      "stddev": 0.09626587098579927,
      "max": 1.850489
    }
  },
  "markdown_large.txt": {
    "n_ids": 316607,
    "n_bytes": 1048576,
    "x8r": {
      "n": 11,
      "min": 3.668114,
      "median": 3.755299,
      "stddev": 0.08080639863131904,
      "max": 3.924078
    },
    "tiktoken": {
      "n": 11,
      "min": 7.432535,
      "median": 7.610785,
      "stddev": 0.19780265176248968,
      "max": 8.096268
    }
  },
  "markdown_medium.txt": {
    "n_ids": 40011,
    "n_bytes": 131072,
    "x8r": {
      "n": 11,
      "min": 0.455192,
      "median": 0.467883,
      "stddev": 0.018020310946767308,
      "max": 0.521014
    },
    "tiktoken": {
      "n": 11,
      "min": 0.89351,
      "median": 0.914799,
      "stddev": 0.02516631166785543,
      "max": 0.965851
    }
  },
  "markdown_rules.txt": {
    "n_ids": 6744,
    "n_bytes": 130838,
    "x8r": {
      "n": 11,
      "min": 0.098532,
      "median": 0.099193,
      "stddev": 0.001236018718599064,
      "max": 0.102877
    },
    "tiktoken": {
      "n": 11,
      "min": 0.163401,
      "median": 0.166848,
      "stddev": 0.0028386516517529977,
      "max": 0.171302
    }
  },
  "markdown_small.txt": {
    "n_ids": 2396,
    "n_bytes": 8192,
    "x8r": {
      "n": 11,
      "min": 0.029748,
      "median": 0.030238,
      "stddev": 0.004584399389629613,
      "max": 0.045239
    },
    "tiktoken": {
      "n": 11,
      "min": 0.051981,
      "median": 0.05274,
      "stddev": 0.0023220847686351307,
      "max": 0.058903
    }
  },
  "utf8_prose_large.txt": {
    "n_ids": 221911,
    "n_bytes": 1048575,
    "x8r": {
      "n": 11,
      "min": 2.290443,
      "median": 2.33871,
      "stddev": 0.050148614063147835,
      "max": 2.449272
    },
    "tiktoken": {
      "n": 11,
      "min": 4.401685,
      "median": 4.519756,
      "stddev": 0.1470871414335424,
      "max": 4.86857
    }
  },
  "utf8_prose_medium.txt": {
    "n_ids": 27902,
    "n_bytes": 131072,
    "x8r": {
      "n": 11,
      "min": 0.295301,
      "median": 0.30308,
      "stddev": 0.006503159429357119,
      "max": 0.316498
    },
    "tiktoken": {
      "n": 11,
      "min": 0.526713,
      "median": 0.541599,
      "stddev": 0.010161242790847272,
      "max": 0.558487
    }
  },
  "utf8_prose_small.txt": {
    "n_ids": 1719,
    "n_bytes": 8192,
    "x8r": {
      "n": 11,
      "min": 0.021832,
      "median": 0.022115,
      "stddev": 0.0007194810756245216,
      "max": 0.024275
    },
    "tiktoken": {
      "n": 11,
      "min": 0.032732,
      "median": 0.033364,
      "stddev": 0.0012442497630006906,
      "max": 0.036789
    }
  }
}